photo_id,Horizontal/Vertical,Translúcida/Opaca,Simétrica/Assimétrica,Complexa/Simples,Interna/Externa,Aberta/Fechada
53,0.77,0.75,0.24,0.22,0.76,0.74
54,0.35,0.11,0.84,0.62,0.0,0.0
55,0.44,0.29,0.77,0.6,0.05,0.11
73,0.54,0.5433333333333333,0.39999999999999997,0.61,0.2833333333333333,0.78
94,0.3,0.33,0.29,0.41,0.62,0.3
98,1.0,0.7,0.31,0.18,0.05,0.93
99,0.7133333333333334,0.2657142857142857,0.6559999999999999,0.4628571428571428,0.2475,0.5685714285714286
109,0.765,0.088,0.6216666666666667,0.41,0.15,0.4075
110,0.615,0.6775,0.54,0.23249999999999998,0.075,0.385
111,0.8140000000000001,0.172,0.502,0.36,0.0,0.20333333333333334
113,0.83,0.86,0.87,0.81,0.84,0.79
116,0.515,0.74,0.43,0.475,0.125,0.7749999999999999
131,0.29333333333333333,0.2783333333333333,0.38000000000000006,0.5566666666666668,0.476,0.375
138,1.0,1.0,0.2,0.06,0.0,0.99
144,0.18,0.24,0.39,0.72,0.63,0.05
147,0.62,0.62,0.75,0.385,0.2,0.44
149,,0.99,0.09,0.1,,1.0
158,0.19,0.8049999999999999,0.165,0.81,1.0,0.81
159,0.9259999999999999,0.215,0.5740000000000001,0.136,0.11200000000000002,0.35
162,0.865,0.26,0.515,0.175,0.1,0.33
163,0.6,0.28,0.7,0.78,0.89,0.11
183,0.175,0.465,0.445,0.155,0.9,0.5
187,0.6,0.41,0.95,0.09,0.08,1.0
202,,0.78,0.63,0.26,1.0,0.0
718,0.6,0.81,0.69,0.73,0.82,0.81
725,0.29500000000000004,0.42875,0.4225,0.47875,0.36375,0.3825
753,0.95,0.84,0.1,0.3,1.0,0.9
758,0.18,0.36,0.71,0.41,0.36,0.52
762,0.23,0.28,0.57,0.54,0.32,0.71
772,0.4,0.73,0.41,0.55,0.97,0.6
777,0.73,,0.73,0.06,0.18,0.69
780,0.3566666666666667,0.4166666666666667,0.23333333333333336,0.5133333333333333,0.43333333333333335,0.47333333333333333
793,0.15500000000000003,0.855,0.10500000000000001,0.8300000000000001,0.66,0.765
795,0.13,0.4,0.34,0.13,0.0,0.62
800,0.9,0.5975,0.512,0.362,0.5525,0.5733333333333334
801,0.5033333333333333,0.43333333333333335,0.42,0.39666666666666667,0.47,0.38666666666666666
812,0.81,0.9,0.93,0.09,0.87,0.34
822,0.505,0.14500000000000002,0.8400000000000001,0.14500000000000002,0.9550000000000001,0.060000000000000005
831,,,1.0,,,1.0
833,0.32,0.73,0.78,0.31,0.78,0.24
840,0.6366666666666667,0.48666666666666664,0.5599999999999999,0.3833333333333333,0.21666666666666667,0.71
860,0.83,0.58,0.4,0.41,0.29,0.82
864,0.68,0.41,0.39,0.25,0.21,0.73
865,0.415,0.27999999999999997,0.48,0.33999999999999997,0.21799999999999997,0.628
871,0.8300000000000001,0.406,0.4975,0.356,0.2,0.4033333333333333
878,0.3171428571428571,0.5216666666666666,0.34833333333333333,0.5571428571428572,0.5971428571428571,0.41571428571428576
888,0.89,0.85,0.19,0.19,0.05,0.76
893,0.26,0.37,0.41,0.46,0.33,0.76
902,0.72,0.79,0.72,0.8,0.62,0.64
914,,,0.77,0.71,,0.81
922,0.38,0.6599999999999999,0.475,0.5900000000000001,0.11,0.7350000000000001
929,0.605,0.51,0.225,0.435,0.125,0.515
950,0.58,0.51,0.78,0.21,0.8,0.4
955,1.0,0.58,1.0,0.1,0.01,0.64
963,0.28500000000000003,0.45999999999999996,0.255,0.51,0.36,0.29500000000000004
967,0.385,0.51,0.385,0.71,0.635,0.735
968,0.25,0.6,0.4,0.4,0.45,0.25
990,0.59,0.53,0.77,0.28,0.19,0.69
992,0.95,0.65,0.38,0.31,0.06,0.74
997,0.105,0.7250000000000001,0.48,0.505,0.075,0.685
999,0.84,0.71,0.25,0.45,0.14,0.64
1016,0.39,0.1,0.43,0.09,0.94,0.34
1092,0.19,0.37,0.18,0.23,0.84,0.14
1093,0.75,0.44400000000000006,0.5366666666666666,0.5614285714285714,0.395,0.5283333333333333
1094,1.0,0.79,0.7,0.19,0.0,0.8
1105,0.76,0.25,0.72,0.64,0.84,0.18
1107,0.62,0.71,0.68,0.34,0.3,0.67
1115,0.61,0.62,0.16,0.12,0.09,0.41
1119,0.43,0.7,0.435,0.5,0.615,0.22999999999999998
1184,0.76,0.76,0.23,0.66,0.75,0.75
1187,0.88,0.36,0.71,0.55,0.06,0.68
1194,0.76,0.4,1.0,0.75,0.0,
1253,0.43,0.8,0.23,0.64,0.25,0.75
1329,0.18,0.38,0.67,0.75,0.68,0.27
1372,0.69,0.18,0.73,0.64,0.74,0.28
1375,0.62,0.4,0.14,0.83,0.7,0.25
1385,0.455,0.265,0.685,0.77,0.86,0.16999999999999998
1422,0.0,1.0,0.0,0.64,0.61,0.29
1436,0.285,0.875,0.12000000000000001,0.845,0.09,0.8300000000000001
1459,0.72,0.35,0.28,0.32,0.37,0.72
1465,0.8,0.28,0.41,0.37,0.39,0.7
1477,0.09,0.11,0.14,0.21,0.82,0.16
1502,0.35571428571428576,0.5628571428571428,0.36999999999999994,0.4471428571428571,0.3833333333333333,0.6266666666666667
1503,0.6275000000000001,0.8266666666666667,0.8225,0.336,0.0775,0.8200000000000001
1675,0.48,0.52,0.72,0.28,0.025,0.71
1714,0.39499999999999996,0.4,0.585,0.255,0.53,0.2
1717,,1.0,,1.0,0.11,0.78
1721,1.0,0.82,0.66,0.33,0.03,0.66
1726,0.65,0.56,0.36,0.57,1.0,0.56
1731,0.4,0.66,0.42,0.6,1.0,0.65
1732,0.42,0.65,0.38,0.59,0.94,0.6
1737,0.28,0.71,0.345,0.595,0.14500000000000002,0.645
1738,0.61,0.6,0.77,0.26,0.02,0.47
1744,0.48,0.66,0.46,0.57,0.99,0.65
1784,0.9,0.28,0.76,0.87,0.49,0.76
1785,0.2333333333333333,0.34,0.58,0.5033333333333333,0.19666666666666668,0.44333333333333336
1788,0.42,0.09,0.23,0.83,0.02,0.13
1791,0.31,0.725,0.565,0.6000000000000001,0.675,0.76
1810,0.33,0.4,0.6,0.33,0.48,0.67
1813,0.21,0.62,0.55,0.65,0.6,0.42
1818,0.21,0.89,0.43,0.39,0.77,0.73
1821,0.895,0.6599999999999999,0.9199999999999999,0.6,0.5,0.875
1825,0.82,0.8,0.45,0.56,0.78,0.72
1826,0.33666666666666667,0.3133333333333333,0.52,0.5533333333333333,0.355,0.57
1828,0.54,0.45999999999999996,0.515,0.1,0.42,0.61
1834,0.92,0.63,0.84,0.11,0.05,0.69
1842,0.31,0.305,0.49666666666666665,0.475,0.51,0.365
1851,0.8,0.32,0.36,0.56,0.25,0.81
1852,0.27999999999999997,0.885,0.16,0.73,0.465,0.7749999999999999
1860,0.45,0.3,0.23,0.58,0.42,0.69
1868,0.68,,0.18,0.47,0.47,
1869,0.7,0.22999999999999998,0.175,0.35,0.3,0.6
1876,0.1,0.76,0.28,0.3,0.68,0.29
1888,0.16999999999999998,0.71,0.125,0.53,0.235,0.385
1891,0.24,0.94,0.9,0.06,0.91,0.83
1895,0.475,0.51,0.44499999999999995,0.39,0.08,0.595
1899,0.76,0.18,,,,
1902,0.51,0.28,0.43,0.57,0.44,0.74
1903,0.52,0.46,0.75,0.48,0.44,0.58
1910,0.16,0.52,0.245,0.7050000000000001,0.53,0.27
1951,0.17,0.37,0.21,0.58,0.39,0.49
1957,0.51,0.55,0.43999999999999995,0.43,0.185,0.5700000000000001
1961,0.08,0.78,0.84,0.19,0.86,0.72
1962,0.3766666666666667,0.7233333333333333,0.51,0.44333333333333336,0.33666666666666667,0.7033333333333333
1973,0.61,0.66,0.455,0.38,0.14,0.645
1978,0.4,0.68,0.96,0.1,0.24,0.13
1980,0.25,0.65,0.56,0.54,0.36,0.75
1984,0.38,0.42,0.39,0.51,0.32,0.71
1989,0.94,0.59,0.41,0.14,0.04,0.56
2003,0.59,0.28,0.575,0.52,0.735,0.63
2041,0.1,0.31,0.3,0.6,0.1,
2045,1.0,0.6,0.7,0.42,1.0,0.98
2065,0.91,0.42,0.86,0.11,0.0,0.69
2101,0.49,0.74,0.1,0.15,0.14,0.9
2139,0.66,0.59,0.22,0.07,0.14,0.55
2140,0.31,0.8,0.14,0.73,0.82,0.8
2141,0.1,0.89,0.18,0.87,0.75,0.9
2155,0.87,0.56,0.72,0.61,0.0,0.76
2163,0.27,0.72,0.27,0.7150000000000001,0.215,0.8300000000000001
2187,0.65,0.43,0.3,0.48,0.0,0.56
2188,0.27,0.61,0.6,0.52,0.33,0.69
2191,0.26,0.46,0.64,0.37,0.37,0.58
2193,0.3033333333333333,0.3433333333333333,0.6833333333333332,0.6166666666666667,0.22,0.81
2197,0.0,0.74,1.0,,1.0,
2202,0.6074999999999999,0.7150000000000001,0.4775,0.4575,0.6799999999999999,0.825
2203,0.09,0.19,0.18,0.72,0.09,0.18
2211,,0.25,0.85,0.4,0.8,0.1
2212,0.74,0.65,0.44,0.39,0.3,0.7
2216,0.51,0.44,0.43,0.54,0.36,0.42500000000000004
2228,,,,,0.49,0.48
2233,0.88,0.42,0.41,0.55,0.54,1.0
2235,0.6966666666666667,0.7666666666666666,0.16333333333333333,0.45999999999999996,0.07,0.84
2239,0.93,0.29,0.9,0.43,0.0,0.67
2240,0.35,0.19,0.81,0.56,0.04,0.26
2241,0.92,0.11,0.9,0.32,0.03,0.08
2242,0.12,0.48,0.52,0.505,0.13,0.485
2244,1.0,0.61,0.41,0.56,0.0,0.56
2245,0.44,0.57,0.11,0.43,0.0,0.59
2246,0.82,0.52,0.31,0.61,0.03,0.44
2247,0.77,0.49,0.15,0.7,0.0,0.1
2248,0.9,0.08,0.81,0.13,0.0,0.12
2250,0.21,0.14,0.0,0.24,0.05,0.14
2251,0.46,0.12,0.0,0.91,0.01,0.09
2252,1.0,0.19,0.25,0.6,0.0,0.13
2254,0.95,0.11,0.97,0.07,0.0,0.13
2260,0.63,0.17,0.09,0.79,0.0,0.11
2263,1.0,0.62,0.33,0.54,0.0,0.59
2264,0.7,0.1,0.25,0.4,0.02,0.59
2265,0.87,0.41,0.63,0.19,0.01,0.59
2266,0.9,0.4,0.84,0.26,0.0,0.46
2267,0.34,0.23,0.16,0.64,0.0,0.23
2268,0.4,0.39,0.48,0.27,0.06,0.65
2269,0.48,0.09,0.45,0.34,0.0,0.54
2270,1.0,0.02,0.1,0.1,0.01,0.0
2271,0.6,0.13,0.83,0.2,0.02,0.27
2272,0.93,0.06,0.88,0.08,0.0,0.57
2273,0.97,0.06,0.17,0.54,0.02,0.05
2274,0.91,0.3,0.47,0.28,0.06,0.6
2275,0.31500000000000006,0.5599999999999999,0.525,0.08,0.48000000000000004,0.44
2276,0.95,0.41,0.46,0.15,0.0,0.6
2288,0.47,0.22,0.36,0.76,0.12,0.18
2289,0.69,0.4,0.6,0.24,0.12,0.16
2290,0.63,0.66,0.65,0.18,0.07,0.63
2291,0.45,0.24,0.06,0.25,0.13,0.22
2292,0.89,0.39,0.45,0.37,0.08,0.56
2293,0.82,0.17,0.18,0.17,0.1,0.08
2294,0.88,0.37,0.66,0.22,0.08,0.15
2295,0.87,0.21,0.59,0.27,0.07,0.4
2296,0.44,0.45,0.9,0.38,0.06,0.45
2297,0.93,0.38,0.66,0.13,0.08,0.44
2300,0.435,0.635,0.4,0.515,0.44499999999999995,0.7
2301,0.6,0.58,0.77,0.12,0.12,0.7
2302,0.72,0.72,0.57,0.57,0.11,0.59
2303,0.93,0.43,0.12,0.62,0.09,0.42
2304,0.61,0.22,0.13,0.59,0.1,0.14
2306,0.94,0.59,0.32,0.14,0.07,0.43
2307,0.89,0.6,0.4,0.57,0.02,0.67
2308,0.91,0.72,0.33,0.42,0.02,0.73
2309,0.88,0.4,0.23,0.36,0.0,0.19
2310,0.7,0.36,0.25,0.29,0.11,0.34
2311,0.97,0.33,0.46,0.24,0.06,0.62
2312,0.15333333333333335,0.6066666666666667,0.19333333333333336,0.16333333333333333,0.27,0.4033333333333333
2315,0.11,0.185,0.52,0.655,0.175,0.3
2318,0.95,0.18,0.37,0.64,0.04,0.34
2319,0.92,0.32,0.39,0.57,0.03,0.21
2322,0.41,0.8,0.67,0.42,0.3,0.78
2323,0.24,0.66,0.16,0.64,1.0,0.23
2324,0.65,0.34,0.42,0.56,0.05,0.37
2325,0.95,0.22,0.34,0.57,0.0,0.17
2326,0.94,0.39,0.06,0.34,0.0,0.32
2327,0.95,0.4,0.89,0.06,0.03,0.64
2328,0.93,0.1,0.13,0.56,0.1,0.11
2329,0.93,0.68,0.39,0.28,0.04,0.64
2330,0.94,0.38,0.32,0.38,0.03,0.6
2331,0.94,0.39,0.61,0.57,0.03,0.59
2332,0.96,0.4,0.37,0.13,0.06,0.85
2333,0.85,0.05,0.11,0.37,0.06,0.02
2334,0.94,0.26,0.43,0.21,0.35,0.71
2335,0.79,0.4,0.7,0.35,0.09,0.16
2336,0.79,0.77,0.84,0.25,0.69,0.38
2338,,0.0,0.99,1.0,0.0,0.25
2341,0.73,0.41,0.6,0.25,0.11,0.28
2342,0.37,0.17,0.08,0.64,0.03,0.28
2343,0.33,0.32,0.24,0.28,0.05,0.17
2344,0.95,0.06,0.77,0.1,0.06,0.11
2345,0.91,0.42,0.6,0.18,0.06,0.59
2346,0.77,0.37,0.06,0.84,0.05,0.2
2349,0.4,0.52,0.39999999999999997,0.6,0.13,0.7250000000000001
2350,0.56,0.64,0.82,0.45,0.09,0.68
2351,0.42,0.07,0.31,0.31,0.04,0.09
2352,0.42,0.41,0.38,0.57,0.06,0.19
2355,0.38,0.14,0.15,0.82,0.03,0.16
2356,0.84,0.77,0.28,0.36,0.01,0.7
2357,0.65,0.65,0.24,0.34,0.05,0.67
2358,0.93,0.79,0.85,0.28,0.05,0.78
2359,0.92,0.73,0.86,0.31,0.05,0.72
2364,0.95,0.17,0.71,0.4,0.06,0.76
2365,0.94,0.67,0.93,0.21,0.04,0.94
2366,0.84,0.44,0.07,0.43,0.03,0.77
2367,0.93,0.29,0.27,0.21,0.03,0.62
2368,0.92,0.26,0.72,0.17,0.03,0.14
2369,0.9,0.39,0.25,0.72,0.02,0.26
2370,0.9,0.15,0.67,0.11,0.1,0.11
2371,0.91,0.31,0.24,0.25,0.08,0.86
2372,0.92,0.39,0.63,0.71,0.07,0.69
2373,0.89,0.37,0.26,0.63,0.09,0.74
2374,0.95,0.61,0.71,0.21,0.04,0.67
2375,0.94,0.22,0.24,0.77,0.05,0.27
2376,0.95,0.62,0.7,0.18,0.06,0.68
2379,0.815,0.405,0.345,0.37,0.035,0.47000000000000003
2380,0.64,0.23,0.11,0.6,0.1,0.73
2382,0.89,0.4,0.22,0.3,0.05,0.22
2383,0.93,0.22,0.18,0.18,0.05,0.14
2384,0.315,0.54,0.52,0.43,0.45999999999999996,0.43
2385,0.36,0.13,0.74,0.15,0.06,0.9
2386,0.63,0.1,0.68,0.21,0.06,0.78
2387,0.64,0.31,0.34,0.37,0.06,0.83
2388,0.64,0.23,0.31,0.44,0.07,0.2
2389,0.0,0.68,0.3,0.73,0.72,0.87
2431,0.0,0.4,0.76,0.24,1.0,0.0
2433,0.18,,0.29,0.32,1.0,0.01
2434,0.5266666666666666,0.6572222222222223,0.3993333333333334,0.268,0.9382352941176471,0.3876470588235294
2461,0.08,0.09,0.89,,0.85,0.1
2486,0.68,,,,,
2487,0.685,0.585,0.45,0.265,0.515,0.235
2528,0.04,0.03,0.7,0.66,1.0,0.12
2607,0.63,1.0,0.77,0.3,1.0,0.59
2624,0.13,0.1,0.66,0.8,0.83,0.1
2646,0.71,0.14,0.92,0.15,0.92,0.11
2736,,0.44,0.1,0.6,1.0,0.0
2751,0.515,0.18,0.3,0.32,0.78,0.4
2752,0.93,0.4,0.39,0.28,0.05,0.72
2753,0.92,0.44,0.8,0.09,0.05,0.25
2754,0.97,0.42,0.87,0.06,0.05,0.29
2755,0.94,0.38,0.88,0.06,0.06,0.2
2757,0.66,0.0,,0.07,0.27,0.11
2759,0.030000000000000002,0.425,0.115,0.26,0.75,0.125
2770,0.51,0.19,0.9,0.76,1.0,0.1
2826,0.76,0.07,0.12,,0.92,0.13
2880,0.68,0.16,0.0,0.74,0.99,0.01
2901,0.06,0.12,0.87,0.08,0.89,0.08
2903,0.91,0.67,0.1,0.14,0.08,0.85
2987,0.17,1.0,0.16,,0.96,0.09
3003,0.2,,0.8,0.9,1.0,0.0
3068,0.2,,0.8,0.9,1.0,0.0
3076,,0.44,,,,
3140,0.14,0.76,0.7,0.37,1.0,0.34
3143,0.74,0.31,0.31,0.17,0.82,0.16
3150,0.7599999999999999,0.2866666666666667,0.4466666666666666,0.6366666666666667,0.4666666666666666,0.3466666666666667
3171,0.26333333333333336,0.32,0.8133333333333334,0.38000000000000006,0.35000000000000003,0.37333333333333335
3181,0.2,0.26,0.75,0.68,0.78,0.19
3245,0.58,0.46,0.25,0.35,0.35,0.71
3248,0.47,0.35,0.71,0.42,0.42,0.55
3251,0.28,0.72,0.21,0.57,0.29,0.82
3259,0.76,0.27,0.22,0.22,0.18,0.73
3268,0.83,0.84,0.2,0.71,0.13,
3273,0.42,0.43,0.36,0.52,0.33,0.79
3283,0.24,0.44,0.38,0.59,0.51,0.38
3298,0.85,0.59,0.24,0.505,0.15,0.8300000000000001
3337,0.11,0.78,0.66,0.09,0.79,0.1
3344,0.25,0.3,0.0,0.3,0.25,0.65
3348,0.27,0.5549999999999999,0.34,0.6499999999999999,0.41,0.72
3354,0.97,0.44,0.05,,1.0,0.97
3359,0.71,0.62,0.32,0.72,0.24,0.59
3373,0.535,0.5,0.855,0.19,0.855,0.44499999999999995
3422,,0.19,0.8,0.15,0.51,0.82
3452,,0.91,0.91,0.19,0.0,1.0
3468,0.3,0.82,0.38,0.34,0.14,0.81
3510,0.59,0.17,0.38,0.24,0.08,0.92
3512,0.25,0.63,0.7,0.62,0.29,0.33
3530,0.2,0.32,0.6,0.54,0.72,0.15
3560,0.04,,0.0,,0.0,
3570,,,,,0.03,
3571,,0.0,0.0,,0.0,
3575,0.51,0.46,0.48,0.46,0.48,0.51
3580,0.72,0.25,0.16,0.77,0.08,0.88
3584,0.66,0.41,0.33,0.45,0.07,0.65
3588,0.19,0.21,0.7,0.3,0.87,0.81
3590,0.42,0.79,0.03,0.0,0.77,0.39
3592,0.71,0.32,0.72,0.36,0.04,0.64
3593,0.38,0.28,0.77,0.26,0.05,0.73
3594,0.87,0.71,0.25,0.25,0.06,0.72
3595,0.95,0.61,0.77,0.27,0.05,0.66
3596,0.93,0.6,0.75,0.23,0.06,0.69
3597,0.95,0.61,0.73,0.19,0.06,0.65
3598,0.31,0.59,0.38,0.56,0.14,0.745
3599,0.17,0.12,0.11,0.32,0.05,0.13
3600,0.94,0.69,0.73,0.29,0.04,0.84
3601,0.41,0.2,0.68,0.34,0.04,0.63
3602,0.73,0.04,0.22,0.34,0.03,0.1
3604,0.97,0.72,0.36,0.5800000000000001,0.84,0.69
3605,0.27,0.78,,,0.05,
3613,0.36000000000000004,0.3333333333333333,0.435,0.5166666666666667,0.16666666666666666,0.3833333333333333
3615,0.95,0.62,0.22,0.19,0.04,0.71
3616,0.96,0.28,0.18,0.18,0.05,0.76
3617,0.93,0.23,0.3,0.18,0.06,0.68
3618,0.61,0.08,0.16,0.58,0.04,0.25
3619,0.32,0.16,0.14,0.38,0.04,0.09
3620,0.96,0.56,0.86,0.3,0.06,0.08
3621,0.96,0.56,0.79,0.28,0.07,0.66
3622,0.94,0.53,0.78,0.26,0.05,0.62
3623,0.41,0.33,0.26,0.59,0.05,0.63
3624,0.3,0.59,0.23,0.4,0.05,0.71
3625,0.95,0.2,0.36,0.22,0.06,0.81
3626,0.93,0.31,0.24,0.19,0.06,0.71
3627,0.92,0.34,0.24,0.25,0.09,0.7
3628,0.35,0.2,0.78,0.09,0.05,0.07
3629,0.34,0.32,0.84,0.05,0.06,0.68
3630,0.9,0.3,0.05,0.22,0.05,0.79
3631,0.35,0.4,0.11,0.09,0.07,0.08
3632,0.39,0.29,0.8,0.24,0.04,0.29
3633,0.35000000000000003,0.6333333333333333,0.7633333333333333,0.42999999999999994,0.38000000000000006,0.49
3634,1.0,0.42,0.22,0.08,0.65,0.32
3637,0.67,0.38,0.35,0.57,0.11,0.26
3638,0.82,,0.74,0.14,0.11,0.22
3645,,,,,0.0,1.0
3647,0.75,0.46,0.72,0.11,0.06,0.11
3648,0.2925,0.5325,0.335,0.3875,0.265,0.4666666666666666
3649,0.93,0.35,0.38,0.59,0.07,0.35
3650,0.77,0.3,0.44,0.53,0.17,0.59
3651,0.9,0.35,0.35,0.56,0.07,0.7
3652,0.74,0.22,0.09,0.72,0.03,0.0
3653,0.38,0.6599999999999999,0.56,0.515,0.145,0.56
3654,0.96,0.29,0.62,0.1,0.03,0.85
3655,0.37,0.56,0.77,0.14,0.05,0.23
3656,0.72,0.19,0.33,0.2,0.01,0.05
3657,0.96,0.17,0.31,0.39,0.05,1.0
3658,1.0,0.19,0.78,0.24,0.06,1.0
3659,0.3866666666666667,0.6133333333333333,0.2866666666666667,0.48666666666666664,0.2933333333333334,0.5533333333333333
3661,0.96,0.37,0.75,0.22,0.04,0.89
3665,0.74,0.67,0.61,0.82,0.87,0.81
3671,0.47500000000000003,0.655,0.5800000000000001,0.24,0.16999999999999998,0.34
3672,0.93,0.63,0.67,0.28,1.0,0.66
3673,0.91,0.29,0.17,0.17,0.09,0.93
3674,0.95,0.6,0.83,0.23,0.1,0.31
3675,0.88,0.38,0.39,0.1,0.24,0.86
3676,0.31,0.38,0.3,0.17,0.22,0.74
3713,0.21999999999999997,0.745,0.775,0.28,0.54,0.725
3721,0.83,0.73,0.75,0.2,0.83,0.73
3739,0.98,0.32,0.9,0.15,0.1,0.17
3742,0.86,0.77,0.11,0.68,0.85,0.75
3743,0.93,0.04,0.06,0.93,0.91,0.78
3744,0.95,0.26,0.06,0.73,0.88,0.81
3746,0.87,0.38,0.11,0.89,0.93,0.73
3751,0.94,0.07,0.02,0.91,0.92,0.89
3760,0.94,0.26,0.35,0.62,0.86,0.89
3768,0.8,0.09,0.19,0.13,0.95,0.17
3776,0.33,0.0,1.0,0.81,0.0,0.8
3777,0.74,0.88,0.89,0.8,0.11,0.69
3799,0.095,0.425,0.75,0.575,0.9199999999999999,0.655
3810,0.0,1.0,0.0,0.88,0.99,0.15
3828,0.92,0.62,1.0,0.3,0.86,0.11
3833,0.35,0.43,0.475,0.52,0.7949999999999999,0.135
3835,0.26,0.23,0.33,0.67,0.03,0.66
3836,0.01,0.05,0.18,0.91,0.95,0.03
3837,0.34,0.94,0.68,0.75,0.39,
3838,0.87,0.84,0.09,0.92,0.81,0.7
3839,0.92,0.83,0.1,0.89,0.8,0.06
3840,,0.71,0.06,0.74,0.72,0.06
3841,0.25,,0.69,0.27,0.0,0.68
3842,0.12,0.0,0.13,0.89,0.17,0.61
3846,0.18,0.18,,0.7,0.8,0.14
3847,0.8,0.0,0.0,0.05,,0.0
3848,0.45999999999999996,0.17,0.495,0.47000000000000003,0.6799999999999999,0.29500000000000004
3850,0.6075,0.28500000000000003,0.42,0.5033333333333333,0.61,0.47250000000000003
3851,0.2,0.17,0.33,0.6,0.85,0.15
3855,0.514,0.362,0.742,0.22200000000000003,0.8719999999999999,0.344
3856,1.0,0.72,0.22,0.0,,
3863,0.0,0.33,0.38,0.13,0.0,0.835
3864,0.69,0.45,0.18,0.56,0.0,0.87
3868,,,0.33,0.0,1.0,1.0
3869,0.35,0.32,0.11,0.3,0.74,0.19
3872,0.25,0.07,0.1,0.88,0.0,0.72
3875,0.11,,0.09,0.66,0.08,0.57
3876,0.0,0.3,0.24,0.71,0.0,0.44
3877,0.04,0.25,0.23,0.62,0.0,0.61
3878,0.1,,0.25,0.79,0.0,0.9
3879,0.18,0.27,0.43,0.64,0.0,0.68
3880,0.34,,0.21,0.72,0.0,1.0
3881,0.21,0.32,0.89,,,
3926,0.01,0.68,0.11,0.42,0.62,0.39
4043,0.86,0.94,0.2,0.85,0.05,0.7
4143,0.51,,,0.49,0.81,0.76
4167,0.0,0.22,0.35,0.3,1.0,0.0
4313,0.18,0.375,0.15000000000000002,0.755,0.74,0.185
4319,0.75,0.355,0.38,0.535,0.595,0.8049999999999999
4328,0.61,0.06,0.93,0.09,0.09,0.08
4363,0.18333333333333335,0.36000000000000004,0.33,0.26333333333333336,0.22,0.48
4429,0.31,0.72,0.67,0.76,0.23,0.73
4431,0.59,0.41,0.17,0.43,0.13,0.86
4454,0.64,0.87,0.22,0.64,0.81,0.86
4462,0.72,0.35,0.18,0.68,0.42,0.35
4488,0.77,0.44,0.41,0.3,0.23,0.68
4497,0.78,0.43,0.33,0.37,0.2,0.83
4562,0.245,0.385,0.53,0.7250000000000001,0.1,0.445
4567,0.11,0.71,0.85,0.86,0.06,0.9
4586,0.03,0.06,0.59,0.62,1.0,0.0
4613,0.1,0.94,0.06,0.81,0.88,0.81
4616,0.31,0.09,0.83,0.75,1.0,0.0
4640,0.1,0.9,0.9,0.1,0.95,0.1
4707,0.0,0.24,0.7,,1.0,0.0
4724,0.05,0.18,0.13,0.81,0.82,0.12
4753,0.09,0.83,0.8,0.75,0.25,0.21
4754,0.0,,0.01,1.0,1.0,0.22
4757,0.52,0.165,0.12,0.415,0.445,0.15
4771,0.85,0.15,0.88,0.12,0.14,0.17
4776,0.26,0.21,0.61,0.28,0.0,0.66
4779,0.44,0.77,0.425,0.89,0.085,0.19
4780,0.5366666666666666,0.6033333333333334,0.35000000000000003,0.7533333333333333,0.5033333333333334,0.24666666666666667
4785,0.915,0.81,0.26,0.765,0.35,0.86
4786,0.41000000000000003,0.29000000000000004,0.245,0.515,0.27,0.515
4792,0.18,0.41,0.62,0.57,0.28,0.71
4812,0.1,0.72,0.25,0.66,0.75,0.83
4821,0.21500000000000002,0.24000000000000002,0.78,0.275,0.44999999999999996,0.365
4857,0.19,0.445,0.25,0.635,0.42,0.5
4869,0.88,0.34,0.26,0.21,0.84,0.29
4876,0.35,0.3,0.12,0.67,0.4,0.79
4880,0.29,0.83,0.72,0.64,0.74,0.74
4883,0.22,0.32,0.29,0.51,0.44,0.48
4890,0.59,0.28,0.16,0.74,0.22,0.78
4902,0.08,1.0,0.31,0.14,0.65,0.0
4917,0.11,0.87,0.22,0.87,0.33,0.7
4962,0.93,0.98,0.16,0.99,1.0,1.0
4965,0.21,0.69,0.69,0.71,0.68,0.29
4967,0.73,0.7,0.7,0.23,0.15,0.67
5001,,,0.51,0.28,1.0,
5014,0.08,0.78,0.07,0.61,0.62,0.65
5035,0.63,0.76,0.97,0.64,0.39,0.65
5057,0.73,0.33,0.36,0.27,0.11,0.77
5113,0.1,0.7,0.82,0.8,1.0,0.7
5131,0.38,0.19,0.75,0.16,0.81,0.31
5142,0.17,0.85,,0.69,0.98,0.26
5154,0.1,,0.22,0.8,1.0,0.08
5193,0.25,0.0,0.25,0.3,0.05,0.95
5203,0.0,1.0,0.0,1.0,1.0,0.0
5206,0.2,0.8,0.8,0.25,0.9,0.1
5281,0.16,0.82,0.29,0.57,1.0,0.0
5315,0.67,,,,,
5345,0.07,0.14,0.05,0.77,1.0,0.0
5408,0.55,1.0,0.2,,1.0,0.92
5417,0.14,0.63,0.88,0.8,0.9,0.35
5430,0.415,0.9199999999999999,0.035,0.28,0.72,0.375
5457,0.28,0.81,0.245,0.62,0.63,0.72
5478,0.66,0.86,0.66,0.86,0.9,0.88
5491,0.33,0.87,0.84,0.59,0.6,0.78
5494,0.4033333333333333,0.2675,0.1575,0.735,0.1075,0.5725
5495,0.215,0.915,0.265,0.3833333333333333,0.9933333333333333,0.10333333333333333
5499,1.0,1.0,0.0,0.28,1.0,1.0
5502,0.28,0.09,1.0,0.16,0.0,0.12
5518,0.12333333333333334,0.3066666666666667,0.5366666666666666,0.5433333333333333,0.30333333333333334,0.22333333333333336
5526,,,,0.2,0.8,0.17
5528,0.72,0.66,0.23,0.73,0.83,0.25
5530,0.1,,,0.25,0.1,0.1
5541,0.0,1.0,1.0,0.0,1.0,1.0
5542,0.9450000000000001,0.5499999999999999,0.895,0.21,0.9450000000000001,0.915
5566,,,0.0,0.35,1.0,0.74
5567,0.19,0.275,0.175,0.7250000000000001,0.165,0.66
5570,0.1366666666666667,0.91,0.36000000000000004,0.7433333333333333,0.9066666666666666,0.71
5571,0.22999999999999998,0.2733333333333334,0.4066666666666667,0.33,0.15,0.5249999999999999
5572,0.0,0.35,0.0,0.14,0.0,0.78
5573,0.76,0.35,0.73,0.37,0.12,0.88
5580,0.7925,0.7825,0.6525,0.51,0.32,0.5775
5587,1.0,1.0,0.29,,1.0,0.4
5592,0.86,0.8,0.23,0.79,1.0,0.26
5604,0.57,0.72,0.67,0.36,0.29,0.67
5612,0.14,1.0,0.06,0.96,0.99,0.98
5613,0.15,0.8,0.8,0.2,0.9,0.9
5614,0.77,0.28,0.14,0.0,0.2,0.0
5662,0.24,0.93,0.3,0.9,1.0,0.85
5707,0.73,0.71,0.68,0.34,0.0,1.0
5773,0.82,0.58,0.28,0.77,0.31,0.2
5775,0.16,0.74,0.4,0.77,0.76,0.71
5776,0.25,,0.11,0.3,0.78,0.54
5852,0.15,0.24,0.71,0.67,0.23,0.23
5864,0.22,0.12,0.18,0.73,0.92,0.92
5899,0.47,0.215,0.73,0.71,0.7050000000000001,0.23500000000000001
5907,0.85,0.86,0.12,0.89,0.08,0.91
5921,0.82,0.28,0.35,0.76,0.75,0.75
5923,0.9299999999999999,0.515,0.86,0.18,0.9299999999999999,0.405
5924,0.92,0.75,0.67,0.85,0.79,0.77
5933,0.25,0.75,,0.25,1.0,0.0
5964,0.12,0.84,0.2,1.0,1.0,0.85
5977,0.64,0.7,0.67,0.34,0.25,0.7
5981,1.0,0.88,0.1,0.2,1.0,0.18
6010,0.22499999999999998,0.6000000000000001,0.47500000000000003,0.49,0.8300000000000001,0.45999999999999996
6020,0.12,0.365,0.72,0.72,0.87,0.275
6046,,0.95,0.9,0.95,,0.7
6054,0.13,0.99,1.0,0.8,1.0,0.95
6072,0.25,0.8,0.76,0.18,0.12,0.69
6113,1.0,0.88,0.11,0.11,0.11,0.86
6115,0.8,0.96,0.0,0.13,1.0,0.97
6136,0.21,0.29,0.28,0.57,,0.44
6143,0.1,0.6,0.79,0.18,0.09,0.72
6194,0.34,0.485,0.595,0.30000000000000004,0.655,0.59
6204,0.27,0.38,0.35,0.61,0.42,0.65
6212,0.09,0.71,0.22,0.22,0.76,0.67
6224,0.9,0.01,0.0,0.75,,
6225,0.0,0.0,0.0,0.25,0.9,0.0
6226,0.675,0.34,0.435,0.5175,0.2425,0.42333333333333334
6227,0.95,0.69,0.11,0.78,0.94,0.95
6228,0.81,0.31,0.61,0.38,0.19,0.44
6230,0.27,0.845,0.09,0.81,0.525,0.88
6232,0.78,0.93,0.07,0.36,1.0,0.91
6238,0.81,0.69,0.18,0.47,0.72,0.725
6241,0.13,0.315,0.37,0.77,0.7050000000000001,0.245
6242,0.17,0.4033333333333333,0.24,0.68,0.545,0.3
6256,0.14,0.555,0.48,0.18,0.595,0.43
6297,0.16,,0.0,0.79,1.0,0.72
6308,0.10500000000000001,0.4775,0.525,0.4425,0.4725,0.43
6309,0.39666666666666667,0.26,0.20333333333333334,0.39333333333333337,0.8566666666666666,0.20666666666666667
6310,0.0,1.0,1.0,0.0,0.0,1.0
6311,0.855,0.8300000000000001,0.32,0.8200000000000001,0.8,0.85
6312,,,1.0,0.0,1.0,0.0
6318,1.0,1.0,,0.8,1.0,0.69
6328,0.9299999999999999,0.88,0.09666666666666668,0.7666666666666666,0.71,0.8099999999999999
6346,0.57,,0.0,0.22,0.85,0.7
6348,0.15,0.64,0.86,0.15,0.8,0.28
6360,0.2,0.94,0.94,0.68,0.92,0.98
6363,0.48000000000000004,0.755,0.395,0.3375,0.495,0.78
6366,0.56,0.47,0.34,0.6,0.44,0.56
6373,0.6,0.46,0.42,0.44,0.59,0.35
6381,0.83,0.94,0.27,0.35,0.68,0.79
6388,0.14,0.8,0.77,0.42,0.82,0.69
6393,0.13,0.66,0.54,0.77,0.42,0.78
6394,0.74,0.69,0.06,0.86,0.92,0.92
6395,0.34,0.39,0.21,0.59,0.36,0.65
6403,0.89,0.875,0.4744444444444445,0.6471428571428571,0.8288888888888889,0.69
6406,0.2,0.75,0.97,0.95,0.8,0.8
6439,0.23,0.625,0.075,0.5700000000000001,0.07,0.9550000000000001
6443,0.22,0.91,0.32,0.74,0.9,0.82
6445,0.75,0.35,0.2,0.35,1.0,
6455,0.32,0.39,0.22,0.57,0.41,0.78
6456,0.585,0.235,0.14500000000000002,0.475,0.19499999999999998,0.6699999999999999
6466,0.59,0.36,0.28,0.7,0.22,0.79
6478,0.41,0.17,0.61,0.46,0.74,0.21
6494,0.31,0.195,0.61,0.255,0.89,0.085
6503,0.24,0.91,0.06,0.76,0.87,0.91
6520,0.61,0.37,0.63,0.19,0.09,0.81
6524,,,0.58,0.58,0.71,0.25
6543,0.71,0.79,0.25,0.74,0.29,0.72
6550,0.75,0.93,0.81,0.17,0.67,0.88
6551,0.87,0.9366666666666666,0.49,0.5599999999999999,0.65,0.8333333333333334
6561,0.45,0.95,0.9,0.13,,0.55
6563,0.22,1.0,0.25,0.0,1.0,1.0
6566,0.11,0.86,,0.89,0.09,0.93
6614,0.26666666666666666,0.5833333333333334,0.4366666666666667,0.5066666666666667,0.7600000000000001,0.24
6648,0.2,0.81,,0.09,0.76,0.3
6676,0.68,0.78,0.34,0.3,0.85,0.75
6714,0.4,,0.37,0.92,0.83,0.22
6728,0.89,0.35,0.38,0.74,0.76,0.24
6733,0.685,0.875,0.1,0.12,0.095,0.89
6741,0.37333333333333335,0.6925,0.4675,0.45999999999999996,0.595,0.845
6793,0.35,0.9,0.15,0.8,0.8,0.3
6803,0.12,0.04,0.77,0.6,0.9,0.25
6804,0.16,0.27,0.27,0.55,0.67,0.41
6870,0.08,0.89,0.88,0.13,0.88,0.16
6874,0.64,0.75,0.1,0.11,0.29,0.38
6999,0.93,0.59,,0.37,0.0,0.94
7063,0.76,0.57,0.43,0.36,0.24,0.76
7064,0.69,0.79,0.11000000000000001,0.22,0.14,0.9299999999999999
7067,0.42,,0.85,0.2,1.0,0.15
7091,0.0,0.0,0.69,0.23,0.0,0.0
7094,0.1,0.8500000000000001,0.05,0.75,0.95,0.9
7099,0.05,0.85,0.67,0.81,0.91,0.74
7115,0.2,,0.9,,1.0,
7127,0.65,0.65,0.26,0.72,0.47,0.57
7129,0.855,0.9,0.9,0.425,0.8,0.7949999999999999
7131,,0.85,0.58,0.79,0.8,0.8
7136,0.21,0.96,0.86,0.78,1.0,0.9
7157,0.095,0.8500000000000001,0.575,0.20500000000000002,0.865,0.545
7217,0.15,0.82,0.25,0.22,0.93,0.78
7310,0.27,0.42,0.31,0.56,0.42,0.65
7319,0.11,0.83,0.29,0.33,,1.0
7335,0.075,0.7549999999999999,0.565,0.52,0.5700000000000001,0.77
7339,0.35,0.88,0.07,0.93,0.13,0.84
7341,0.19,0.6799999999999999,0.14,0.245,0.7849999999999999,0.24000000000000002
7343,0.14,0.925,0.8600000000000001,0.25,0.865,0.14
7344,0.15,0.98,0.96,0.36,0.97,0.06
7346,0.7633333333333333,0.7933333333333333,0.18333333333333335,0.4066666666666667,0.35666666666666663,0.7633333333333333
7359,0.14,0.67,0.67,0.26,0.89,0.21
7386,0.5549999999999999,0.435,0.715,0.48000000000000004,0.6799999999999999,0.73
7416,0.0,,,1.0,1.0,0.03
7419,0.57,0.62,0.61,0.28,0.67,0.68
7420,0.32,0.61,0.32,0.38,0.66,0.56
7421,0.31,0.26,0.32,0.3,0.41,0.21
7438,0.3,0.15,0.62,0.69,0.73,0.32
7482,0.1,0.41,0.0,0.33,0.91,0.1
7494,0.36,0.23,0.35,0.28,0.29,0.28
7566,0.37,0.3,0.27,0.42,0.33,0.31
7606,0.83,0.78,0.58,0.6,0.71,0.66
7684,0.1,0.93,0.9,0.08,0.95,0.84
7687,0.265,0.53,0.61,0.5549999999999999,0.48,0.455
7688,0.09,0.11,0.8,0.29,0.61,0.02
7689,1.0,0.63,0.7,0.63,0.75,0.57
7690,0.13,0.27,0.83,0.36,0.02,0.66
7693,1.0,1.0,1.0,0.2,0.8,0.47
7704,0.26,0.59,0.74,0.31,0.69,0.35
7719,0.29000000000000004,0.335,0.33499999999999996,0.54,0.41000000000000003,0.36
7725,,0.9,0.8,0.39,0.99,0.1
7737,0.34,0.71,0.35,0.51,0.52,0.78
7744,0.2866666666666667,0.7066666666666667,0.2333333333333333,0.34,0.1366666666666667,0.8066666666666666
7752,0.12,0.7133333333333334,0.36999999999999994,0.41333333333333333,0.13666666666666666,0.8333333333333334
7775,0.0,0.38,0.75,0.1,0.44,0.42
7788,0.0,0.9,0.97,0.3,0.35,0.6
7800,1.0,1.0,0.05,0.4,0.0,1.0
7801,0.28,0.97,0.32,0.41,0.0,1.0
7826,0.18666666666666665,0.2975,0.205,0.71,0.2,0.5325
7831,,0.0,0.0,0.25,0.0,0.1
7845,0.34,0.155,0.515,0.405,0.785,0.165
7874,0.215,0.43,0.865,0.19,0.8300000000000001,0.135
7887,0.91,,0.67,0.2,0.09,0.82
7893,,0.76,0.19,0.65,0.65,0.66
7894,0.245,0.85,0.48,0.54,0.175,0.8300000000000001
7899,0.27,0.71,0.22,0.78,0.75,0.23
7925,0.25,0.1,0.1,0.8,0.8,0.65
7931,0.8,,1.0,,,0.9
7948,0.83,0.04,0.9,0.03,0.75,0.55
8038,0.4,0.75,0.42,0.19,0.16,0.77
8044,0.91,0.92,0.09,0.12,0.08,0.92
8078,0.82,0.61,0.21,0.29,0.38,0.72
8087,0.78,0.82,0.89,0.0,1.0,0.12
8088,,,0.66,0.25,0.8,0.15
8142,0.29,0.85,0.05,0.19,0.06,0.55
8172,,,,,1.0,
8222,0.84,0.86,0.89,0.88,,
8229,0.14,0.27,0.18,0.69,0.19,0.82
8230,0.19,0.34,0.19,0.8,0.16,0.82
8236,0.16,0.32,0.28,0.64,0.38,0.61
8368,0.15,0.85,0.61,0.37,0.78,0.22
8553,0.22333333333333336,0.5858333333333333,0.31916666666666665,0.36727272727272725,0.3433333333333333,0.43363636363636365
8565,0.34,0.67,0.29,0.64,0.74,0.26
8572,0.36,0.34,0.73,0.45,0.57,0.46
8581,0.32,0.4,0.34,0.6,0.6,0.46
8586,0.68,0.75,0.17,0.35,0.39,
8595,0.0,0.55,0.46,0.525,0.89,0.9450000000000001
8603,0.8,0.62,0.39,0.36,0.45,
8611,0.73,0.83,0.89,0.81,0.8,0.78
8653,0.41,0.535,0.22,0.255,0.55,0.705
8654,0.32,0.32,0.21,0.68,0.64,0.36
8684,0.11666666666666665,0.33,0.7966666666666667,0.57,0.73,0.6066666666666666
8690,0.19,0.34,0.67,0.58,,0.48
8692,0.16,0.2,0.56,0.59,,
8704,0.71,0.29,0.31,0.46,0.47,0.75
8705,0.33,0.6699999999999999,0.20500000000000002,0.72,0.44,0.47
8809,0.17,0.83,0.09,0.82,0.85,0.87
8820,0.08,0.94,0.91,0.85,0.97,0.08
8857,0.77,0.79,0.72,0.22,0.24,0.26
8922,0.29500000000000004,0.20500000000000002,0.255,0.53,0.64,0.73
8929,0.12,0.63,0.67,0.87,0.84,0.34
8937,0.4,0.8,0.1,0.19,0.19,0.75
8952,0.55,0.44,0.33,0.38,0.49,0.6
8971,0.14,0.88,0.11,0.6,0.72,0.73
9053,0.26,0.56,0.28,0.51,0.52,0.49
9061,0.18,0.43,0.39,0.56,0.53,0.39
9078,0.1,0.85,0.1,0.65,0.4,0.7
9131,0.375,0.5549999999999999,0.54,0.435,0.33999999999999997,0.575
9172,0.8,0.28,0.68,0.38,0.24,0.8
9177,0.85,0.29,0.62,0.27,0.39,0.43
9186,0.74,0.69,0.33,0.41,0.4,0.72
9252,0.62,0.72,0.79,0.3,0.33,0.72
9269,0.18,0.61,0.59,0.71,0.42,0.66
9356,0.0,0.95,0.3,0.8,0.1,0.95
9375,0.44,0.15,0.74,0.32,,0.14
9394,0.0,0.0,1.0,0.2,1.0,0.0
9405,0.84,0.0,0.8,0.81,0.09,0.16
9408,0.09,0.75,0.68,0.25,0.85,0.67
9411,0.02,0.78,1.0,0.0,1.0,0.94
9460,0.3,0.53,0.27,0.44,,0.48
9475,0.87,0.42,0.66,0.4,0.36,0.73
9477,0.82,0.9,0.47,0.66,0.17,0.86
9479,0.87,0.3,0.6,0.44,0.37,0.46
9506,0.22,0.22,0.0,0.0,0.96,0.1
9507,0.0,0.0,0.0,0.0,0.77,0.09
9509,0.39,0.75,0.47,0.41,0.34,0.8
9546,0.73,0.57,0.69,0.42,0.34,0.64
9549,0.37,0.27,0.6,0.43,0.45,0.79
9550,0.33,0.27,0.64,0.38,0.42,0.56
9578,0.26,0.32,0.34,0.69,0.39,0.71
9579,0.095,0.115,0.345,0.635,0.34,0.435
9599,0.84,0.74,0.66,0.24,0.59,0.64
9611,0.24,,0.82,0.3,,0.2
9622,0.56,0.92,0.3,0.79,0.43,0.62
9624,,,,0.75,,0.2
9681,0.17,0.63,0.28,0.51,0.37,0.78
9688,0.26,0.72,0.64,0.34,0.29,0.76
9753,0.17,0.45,0.67,0.6,,0.46
9810,0.86,0.65,0.32,0.72,1.0,0.7
9869,0.0,0.7,0.8,,1.0,0.0
9870,0.0,0.57,0.64,0.6,1.0,0.0
9871,0.0,0.61,,0.76,1.0,0.0
9872,0.0,0.39,0.71,0.64,1.0,0.0
9874,0.0,0.6,0.75,0.65,1.0,0.0
9875,0.0,0.69,,0.71,1.0,0.0
9876,0.0,0.61,0.75,0.66,1.0,0.0
9877,0.0,1.0,0.78,0.77,1.0,0.0
9878,0.0,1.0,0.78,0.79,1.0,0.0
9879,0.0,1.0,,0.72,1.0,0.0
9880,0.0,1.0,0.78,0.77,1.0,0.0
9881,0.0,1.0,0.55,0.74,1.0,0.0
9886,0.32,0.81,0.78,0.3,0.99,0.57
9888,0.3475,0.765,0.030000000000000002,0.4266666666666667,0.73,0.5900000000000001
9892,0.97,0.86,0.87,0.24,0.89,0.74
9942,0.725,0.58,0.11,0.23,0.705,0.46499999999999997
9945,0.58,0.36,0.51,0.4,0.53,0.47
9954,0.57,0.39,0.57,0.37,0.51,0.59
9958,0.1,1.0,0.15,0.35,0.0,0.95
9959,0.1,1.0,0.15,0.4,0.0,1.0
9961,0.2,1.0,0.4,0.75,0.0,1.0
9962,0.1,1.0,0.12,0.35,0.0,1.0
9964,0.1,1.0,0.4,0.35,0.0,1.0
9965,0.09,1.0,0.39,0.22,0.0,1.0
9967,0.1,1.0,0.15,,0.0,1.0
9968,0.1,1.0,0.2,0.2,0.0,1.0
9969,0.21,1.0,0.23,0.2,0.0,1.0
9970,0.14,,0.19,0.17,0.0,1.0
9971,0.26,1.0,0.1,0.13,0.0,1.0
9972,0.15,1.0,0.27,0.27,0.0,1.0
9973,0.12,1.0,0.41,0.72,0.0,1.0
9974,0.07,1.0,0.35,0.64,0.0,1.0
9975,0.0,1.0,0.38,0.59,0.0,1.0
9987,0.07,,0.63,0.69,1.0,0.0
9988,0.08,1.0,0.64,0.72,1.0,0.0
9989,0.04,1.0,0.65,0.63,1.0,0.0
9990,0.1,1.0,0.67,0.69,1.0,0.0
9991,0.0,1.0,0.7,0.7,1.0,0.0
9992,0.21,1.0,0.8,0.72,1.0,0.0
10010,0.16,0.815,0.5349999999999999,0.53,0.55,0.76
10019,0.03,0.94,0.61,0.62,0.99,0.01
10020,0.01,0.96,0.86,0.76,1.0,0.01
10021,0.20500000000000002,0.885,0.57,0.595,0.5700000000000001,0.81
10022,0.06,0.95,0.57,0.79,0.95,0.01
10023,0.03,0.94,0.58,0.81,0.97,0.04
10024,0.06,0.95,0.57,0.65,0.98,0.06
10025,0.38,0.695,0.76,0.535,0.775,0.08
10026,0.03,0.9,0.61,0.64,1.0,0.0
10029,0.56,0.93,0.13,0.37,0.01,0.93
10082,0.135,0.47,0.62,0.4,0.11000000000000001,0.15
10083,0.17,0.35,0.22,0.65,0.3,0.66
10119,0.585,0.62,0.35,0.76,0.28,0.42
10122,0.67,0.64,0.32,0.35,0.31,0.16
10126,0.18,0.63,0.49,0.17,,0.26
10159,0.0,0.74,1.0,0.81,0.4,0.13
10160,0.06,0.59,0.91,0.95,0.48,0.38
10161,0.11,0.92,0.82,0.91,1.0,0.1
10162,0.09,0.9,0.93,0.92,1.0,0.04
10163,0.1,1.0,0.81,0.92,1.0,0.04
10166,0.13,0.78,0.23,0.74,0.43,0.68
10167,0.02,0.2,0.62,0.6,1.0,0.0
10168,0.09,0.83,0.27,0.88,0.72,0.37
10169,0.03,1.0,0.92,0.83,0.0,1.0
10170,0.03,0.93,0.4,0.75,0.98,0.02
10171,0.01,0.97,0.82,0.62,,
10172,0.03,0.9550000000000001,0.13,0.765,0.045,0.905
10173,0.02,0.98,0.53,0.62,0.65,
10174,0.05,0.97,0.81,0.61,0.62,0.09
10175,0.07,0.97,0.65,,1.0,0.1
10176,0.14,0.885,0.7250000000000001,0.385,0.85,0.17
10177,0.06,0.99,0.06,0.65,0.02,0.98
10178,0.17,0.96,0.73,0.6,0.84,0.04
10179,0.14,0.83,0.61,0.63,0.7,0.16
10180,0.1,0.9,0.43,0.62,,
10181,0.03,0.98,0.55,0.6,,
10182,0.05,0.9,0.09,0.87,0.81,0.2
10183,0.01,,0.96,0.4,0.97,0.0
10203,0.16999999999999998,0.195,0.72,0.385,0.21,0.365
10209,0.17,0.31,0.73,0.27,0.37,0.31
10236,0.25,0.4,0.2,0.65,0.3,0.7
10238,0.22,0.32,0.78,0.34,0.34,0.42
10251,0.425,0.27,0.695,0.33499999999999996,0.25,0.26
10253,0.28,0.23,0.71,0.23,0.47,0.38
10266,0.18,0.25,0.76,0.24,0.365,0.22999999999999998
10271,0.18,0.62,0.62,0.66,0.18,0.76
10276,0.12,0.26,0.68,0.68,0.22,0.42
10286,0.12,0.78,0.68,0.42,0.22,0.68
10290,0.11,0.25,0.35,0.59,0.4,0.3
10311,0.8,0.6,0.6,0.3,0.3,0.6
10318,0.25,0.345,0.6866666666666666,0.48,0.5433333333333333,0.47000000000000003
10323,0.1,0.35,0.35,0.65,0.45,0.39
10333,0.6,0.32,0.63,0.66,0.32,0.34
10338,0.3,0.67,0.3,0.67,0.73,0.28
10339,0.15000000000000002,0.525,0.525,0.5449999999999999,0.32499999999999996,0.6499999999999999
10344,0.23,0.64,0.44,0.62,0.28,0.72
10345,0.34,0.92,0.18,0.48,0.2,0.84
10349,0.26,0.7,0.68,0.66,0.71,0.6
10353,0.09,0.25,0.65,0.6,0.03,0.3
10361,0.08,0.81,0.31,0.35,0.72,0.39
10363,0.42,0.42,0.11,0.68,0.73,0.55
10365,0.36,0.6,0.33,0.63,0.31,0.72
10366,0.22,0.61,0.34,0.68,0.36,0.7
10367,0.0,0.53,0.16,0.12,1.0,1.0
10368,0.0,,,1.0,1.0,
10369,0.0,,,,,
10370,0.15,0.91,0.55,0.09,1.0,0.08
10372,1.0,,,,,0.0
10375,0.43,0.76,0.17,0.82,1.0,0.76
10389,0.115,0.6,0.345,0.5650000000000001,0.6,0.16499999999999998
10390,0.25,0.92,0.2,0.4,0.65,0.25
10391,0.155,0.78,0.625,0.6,0.485,0.475
10392,0.25,0.97,0.72,0.44,0.35,0.6
10393,0.2,0.98,0.87,0.28,,0.31
10394,0.21,0.98,0.87,0.15,0.41,
10397,0.25,0.99,0.12,0.7,0.78,0.26
10399,0.24,0.97,0.16,0.78,0.82,0.2
10401,0.45499999999999996,0.845,0.245,0.6599999999999999,0.5700000000000001,0.46499999999999997
10402,0.25,0.92,0.75,0.91,1.0,0.0
10403,0.12,0.94,0.35,0.745,0.5,0.025
10404,0.1,0.94,0.74,0.88,1.0,0.0
10405,0.44,0.825,0.495,0.935,0.9450000000000001,0.02
10409,0.115,0.10500000000000001,0.2575,0.5225,0.49666666666666665,0.22
10410,0.08,0.12,0.87,0.93,0.94,0.16
10415,0.22,0.38,0.95,0.37,0.51,0.81
10420,0.35,0.38,0.28,0.39,0.69,0.38
10421,0.37,1.0,0.38,0.7,0.0,1.0
10422,0.3,0.72,0.25,0.76,0.08,0.93
10423,0.16,0.9199999999999999,0.15,0.46499999999999997,0.1,0.77
10424,0.3,0.34,0.72,0.35,0.3,0.58
10425,0.29,0.51,0.79,0.53,0.245,0.775
10426,0.48666666666666664,0.51,0.855,0.195,0.09999999999999999,0.45
10430,0.07,0.76,0.06,0.81,0.2,0.19
10431,0.09,0.83,0.15,0.85,0.19,0.31
10432,0.08,0.85,0.1,0.93,0.14,0.14
10433,0.13,0.86,0.12,0.88,0.16,0.19
10434,0.11,0.83,0.33,0.68,0.13,0.8
10435,0.06,0.77,0.38,0.8,0.12,0.8
10436,0.11,0.81,0.29,0.75,0.25,0.77
10437,0.17,0.8,0.18,0.8,0.17,0.81
10438,0.13,0.83,0.16,0.85,0.17,0.84
10439,0.1,0.94,0.23,0.89,0.12,0.88
10440,0.08,0.81,0.11,0.85,0.19,0.85
10441,0.18,0.89,0.17,0.83,0.2,0.86
10443,1.0,0.63,0.76,0.32,0.17,0.71
10444,1.0,0.82,0.74,0.35,0.2,0.82
10447,1.0,0.81,0.85,0.33,0.23,0.78
10448,1.0,0.73,0.78,0.29,0.22,0.82
10449,1.0,0.78,0.86,0.37,0.22,0.77
10450,1.0,0.82,0.8,0.34,0.19,0.8
10451,1.0,0.78,0.87,0.31,0.17,0.8
10453,0.99,0.76,0.71,0.33,0.23,0.78
10454,0.01,0.36,0.89,0.87,0.96,0.25
10455,0.01,0.19,0.74,0.83,0.85,0.31
10457,0.0,0.84,0.31,0.88,0.75,0.03
10458,0.0,0.12,0.28,0.85,0.79,0.1
10459,0.07,0.19,0.33,0.83,0.12,0.22
10474,0.15,0.9,0.35,0.75,0.1,0.4
10476,0.3,0.9,0.7,0.4,0.3,0.4
10478,0.2,0.75,0.25,0.6,0.25,0.75
10480,0.34,0.55,0.28,0.66,0.36,0.31
10482,0.41,0.64,0.23,0.44,0.4,0.35
10487,0.31,0.74,0.21,0.63,0.26,0.76
10491,0.24,0.65,0.15,0.8,0.25,
10494,0.29,0.38,0.33,0.36,0.24,0.38
10495,0.13,0.42,0.25,0.75,0.25,0.35
10499,0.505,0.6950000000000001,0.735,0.33999999999999997,0.10500000000000001,0.73
10500,0.25,0.65,0.71,0.28,0.21,0.7
10501,0.67,0.32,0.4,0.37,0.36,0.28
10503,0.37,0.58,0.28,0.67,0.27,0.29
10509,0.35,0.44,0.24,0.65,0.3,0.3
10519,0.07,0.28,0.2,0.71,0.68,0.23
10544,0.83,,0.35,0.36,0.6,0.29
10545,0.3,1.0,1.0,0.22,1.0,1.0
10551,1.0,,0.0,0.17,0.35,0.95
10556,0.11,,0.04,0.0,1.0,0.13
10575,0.38,0.25,0.23,0.36,,0.47
10581,0.44,0.71,0.13,0.63,0.37,0.76
10589,0.23,0.6,0.77,0.39,0.27,0.72
10591,0.24,0.21,0.3,0.56,0.35,0.72
10598,0.19,0.82,0.91,0.18,0.16,0.75
10605,0.35,0.56,0.71,0.22,0.09,0.36
10606,0.26,0.31,0.67,0.28,0.39,0.36
10607,0.22,0.35,0.8,0.64,0.08,0.27
10608,0.3,0.46,0.89,0.26,0.16,0.32
10609,0.35,0.17,0.63,0.38,0.4,0.37
10610,0.23,0.33,0.73,0.3,0.23,0.17
10618,0.25,0.7,0.78,0.29,0.29,0.27
10619,0.29,0.66,0.74,0.35,0.33,0.2
10620,0.23,0.31,0.81,0.27,0.31,0.22
10621,0.25,0.6,0.8,0.31,0.43,0.09
10622,0.29,0.37,0.33,0.66,0.34,0.57
10623,0.29,0.34,0.3,0.28,0.44,0.23
10625,0.365,0.755,0.61,0.395,0.6,0.45
10626,0.36,0.61,0.82,0.27,0.42,0.28
10628,0.37,0.78,0.26,0.75,0.34,0.77
10630,0.37,0.82,0.33,0.74,0.25,0.63
10632,0.13,0.77,0.37,0.78,0.18,0.79
10637,0.18,0.61,0.68,0.82,0.36,0.76
10638,0.26,0.68,0.31,0.78,0.25,0.66
10639,0.32,0.7,0.22,0.76,0.24,0.7
10640,0.71,0.39,0.71,0.43,0.68,0.7
10649,0.36,0.43,0.33,0.73,0.66,0.58
10650,0.31,0.36,0.31,0.7,0.68,0.24
10651,0.65,0.73,0.69,0.73,0.24,0.87
10652,0.24,0.5650000000000001,0.535,0.635,0.35,0.665
10653,0.265,0.345,0.46499999999999997,0.66,0.4,0.45499999999999996
10654,0.31,0.38,0.69,0.73,0.28,0.42
10655,0.13,0.43,0.31,0.71,0.28,0.74
10669,0.155,0.15,0.25,0.65,0.195,0.25
10672,,0.25,0.9,,0.35,0.6
10677,0.8,0.55,0.55,0.3,0.4,0.75
10687,0.35,0.73,0.31,0.37,0.24,0.71
10688,0.1466666666666667,0.345,0.32,0.46,0.79,0.33
10690,0.28,0.67,0.67,0.64,0.28,0.78
10693,0.37,0.22,0.67,0.37,0.39,0.33
10694,0.24,0.64,0.31,0.4,0.22,0.68
10701,0.05,0.72,0.33,0.64,0.26,0.65
10712,0.13,0.84,0.44,0.64,0.22,0.86
10722,0.35,0.34,0.2,0.33,1.0,0.11
10723,0.29,0.22,0.39,0.63,0.56,0.25
10726,0.18,0.37,0.12,0.69,0.34,0.3
10727,0.36,0.67,0.32,0.59,0.31,0.66
10728,0.17,0.27,0.06,0.68,0.28,0.71
10729,0.38,0.68,0.31,0.41,0.28,0.13
10730,0.37,0.58,0.65,0.31,0.38,0.42
10731,0.33,0.24,0.73,0.4,0.26,0.59
10732,0.31,0.73,0.23,0.69,0.42,0.68
10733,0.25,0.26,0.71,0.68,0.23,0.19
10736,0.21,0.45,0.42,0.52,0.43,0.72
10740,0.58,0.58,0.75,0.4,0.36,0.77
10781,0.66,0.67,0.23,0.77,0.18,0.71
10801,0.21,0.35,0.39,0.68,0.22,0.83
10802,0.18,0.33,0.28,0.59,0.26,0.85
10804,0.11,0.78,0.34,0.66,0.15,0.75
10809,0.28,0.74,0.36,0.7,0.31,0.83
10818,0.15,0.81,0.56,0.69,0.23,0.7
10826,0.18,0.44,0.53,0.53,0.45,0.72
10829,0.21,0.48000000000000004,0.745,0.185,0.73,0.22999999999999998
10830,0.58,0.66,0.77,0.38,0.66,0.17
10831,0.24,0.535,0.79,0.365,0.69,0.49
10841,0.54,0.67,0.67,0.67,0.71,0.29
10844,0.58,0.2,0.22,0.64,0.85,0.13
10851,0.29,0.16,0.22,0.72,1.0,0.11
10858,0.29,0.23,0.39,0.31,0.77,0.26
10859,0.34,0.27,0.71,0.67,0.87,0.24
10864,0.29,0.29,0.67,0.62,0.67,0.63
10896,0.17,0.33,0.23,0.61,0.66,0.37
10902,0.0,0.7,0.1,0.7,0.3,0.2
10914,,,0.75,0.4,,1.0
11000,0.12,0.28,0.18,0.72,0.4,0.4
11003,0.15,0.44,0.1,0.67,0.29,0.75
11012,0.0,0.63,0.0,,0.0,1.0
11119,0.06,0.39,0.64,0.19,0.82,0.31
11134,0.14,0.37,0.18,0.63,,0.63
11185,0.24,0.43,0.37,0.61,0.54,0.42
11201,0.36,0.57,0.19,0.6,0.28,0.77
11218,0.67,0.46,0.37,0.56,0.31,0.8
11231,0.25,1.0,0.1,0.1,0.1,0.1
11260,0.28,0.3,0.18,0.73,0.27,0.53
11269,0.26,0.47,0.34,0.72,0.63,0.42
11270,0.23,0.41,0.29,0.71,0.64,0.44
11276,0.66,0.37,0.37,0.53,0.32,0.82
11281,0.08,0.37,0.23,0.65,0.4,0.63
11291,0.19,0.4,0.12,0.69,0.28,0.76
11302,0.16,0.61,0.32,0.72,0.37,0.63
11309,0.22,0.54,0.3,0.57,0.38,0.71
11385,0.28,0.3,0.3,0.57,0.41,0.75
11397,0.62,0.4,0.21,0.4,0.37,0.74
11398,0.14,0.3,0.19,,0.75,0.25
11413,0.71,0.64,0.12,0.32,0.4,0.49
11429,0.83,0.83,0.46,0.55,0.38,0.7
11432,0.8049999999999999,0.75,0.195,0.455,0.5800000000000001,0.695
11440,0.87,0.73,0.65,0.34,0.3,0.77
11441,0.89,0.7,0.4,0.31,0.16,0.67
11473,0.77,0.64,0.69,0.56,0.54,0.34
11475,0.11,0.79,0.14,0.74,0.0,0.65
11478,0.16,0.75,0.08,0.73,0.07,0.78
11490,0.09,0.78,0.11,0.81,0.11,0.73
11491,0.19,0.79,0.05,0.78,0.14,0.77
11492,0.16,0.81,0.09,0.68,0.17,0.77
11558,0.15,,1.0,0.4,0.85,0.35
11559,0.1,0.62,0.39,0.39,0.81,0.36
11560,0.1,0.73,0.74,0.33,,0.6
11561,0.08,0.76,0.82,0.31,,0.65
11562,0.05,0.86,0.3,0.61,0.31,0.66
11563,0.09,0.77,0.89,0.31,0.78,0.3
11564,0.07,0.8,0.65,0.33,0.88,0.21
11565,0.4,0.75,0.35,0.87,0.34,0.34
11566,0.19,0.79,0.25,0.8,0.73,0.33
11765,0.45,0.69,0.29,0.42,0.33,0.75
11771,0.67,0.29,0.24,0.58,0.28,0.65
11772,0.7,0.36,0.25,0.62,0.26,0.65
11801,0.08,0.77,0.31,0.39,0.89,0.29
11816,0.82,0.92,0.59,0.93,1.0,0.71
11817,,,,0.84,0.75,0.0
11818,0.77,0.57,0.64,0.29,1.0,
11819,0.89,0.87,,0.9,0.9,0.32
11820,0.0,0.75,0.65,0.45,0.3,0.1
11892,0.21,,0.66,0.96,1.0,0.14
11992,0.25,1.0,0.74,,0.17,0.81
11993,0.15,1.0,0.39,0.81,0.8,0.28
11994,0.29,0.94,0.63,,0.07,0.91
11995,0.26,1.0,0.75,,0.07,0.84
11996,0.27,1.0,0.7,,0.14,0.84
11997,0.28,1.0,0.7,,0.07,0.85
11998,0.29,1.0,0.79,,0.16,0.87
11999,0.24,0.71,0.27,0.87,0.89,0.23
12000,0.29,1.0,0.81,,0.22,0.84
12001,0.22,0.97,0.62,,0.08,0.82
12002,0.22,0.96,0.65,,0.1,0.87
12003,0.2,0.79,0.29,0.88,0.89,0.14
12004,0.27,0.88,0.64,,0.32,0.71
12017,0.03,0.64,0.65,0.7,0.97,0.74
12041,0.2,0.36,0.66,0.25,0.9,0.72
12043,0.32,0.62,0.76,0.38,0.32,0.74
12050,0.31,0.42,0.69,0.39,0.33,0.69
12072,0.35,0.24,0.48,0.42,0.34,0.46
12105,0.12,0.19,0.16,0.69,0.54,0.26
12118,0.04,0.31,0.1,0.07,0.05,0.67
12128,0.08,0.92,0.91,0.19,0.07,0.73
12129,0.18,0.05,0.18,0.22,0.1,0.09
12179,0.22,0.3,0.19,0.32,0.86,0.33
12183,0.85,,,,,
12186,,1.0,0.66,0.99,0.97,0.93
12309,0.1,0.89,0.88,0.23,0.92,0.83
12386,0.13,0.19,0.9,0.13,0.88,
12399,0.69,0.7,0.81,0.18,0.14,0.75
12734,0.28,1.0,0.64,0.7,0.04,0.95
13087,0.0,,0.3,0.8,0.7,0.3
13166,1.0,,,0.8,1.0,0.2
13169,1.0,,0.0,,1.0,
13170,0.065,0.19,0.27,0.26,0.9299999999999999,0.065
13171,0.0,0.74,0.7,0.78,1.0,0.0
13172,0.0,1.0,0.0,,0.0,0.41
13173,1.0,0.71,0.0,0.3,0.0,1.0
13181,0.0,1.0,,0.22,1.0,0.12
13184,0.15,0.82,0.21,0.24,0.96,0.26
13187,0.71,0.69,0.09,,,0.74
13266,0.19,0.34,0.34,0.56,0.51,0.58
13280,0.16,0.36,0.44,0.55,0.21,0.65
13308,0.1,0.9,0.03,0.83,0.87,0.78
13550,0.28,0.85,0.16,0.21,0.89,0.82
13575,1.0,,0.73,,1.0,
13698,1.0,0.0,1.0,0.0,1.0,1.0
13709,0.0,1.0,0.0,0.0,0.0,1.0
13710,0.22,,,,,
13711,,0.32,,,0.67,
13752,0.15,0.9,,0.25,0.15,0.6
13778,,,1.0,0.3,0.9,0.0
13792,0.4,0.3,0.65,0.3,,0.6
13801,0.93,0.68,0.0,0.64,0.2,
13856,0.9,0.35,0.1,0.0,0.0,0.3
13863,0.45,0.84,,0.27,1.0,0.48
13892,0.11,0.9,0.06,0.89,0.97,0.42
13897,,,,0.0,,
13902,0.91,0.87,0.74,0.09,0.89,0.79
13909,0.56,0.83,0.76,0.6,0.76,0.72
13934,0.3,,,,0.8,0.2
13939,0.0,,,,1.0,
13991,0.08,0.84,0.02,,1.0,0.36
14003,0.1,0.65,0.7,0.6,0.15,0.7
14036,0.35,0.7,1.0,0.19,0.6,0.0
14052,0.88,0.48,0.12,,0.08,
14064,,0.9,0.0,0.09,0.9,0.8
14085,0.9,0.41,0.8,0.3,0.1,0.8
14121,1.0,,,,0.84,0.19
14124,0.15,0.67,0.11,0.25,0.8,0.9
14127,0.29,0.75,0.3,0.25,0.09,0.85
14195,0.8,0.8,1.0,0.25,0.6,0.2
14222,,1.0,0.77,1.0,1.0,0.0
14226,0.15,1.0,0.13,0.68,1.0,0.72
14255,0.86,0.08,0.15,0.16,0.09,0.9
14485,0.64,0.66,0.86,0.06,0.07,0.84
14494,0.0,,0.6,,1.0,
14721,0.0,1.0,,0.81,1.0,0.79
14737,0.89,,0.75,0.66,0.82,0.61
14748,,0.94,0.19,0.24,1.0,
14749,,1.0,0.68,0.32,1.0,0.1
14772,0.89,,,,,
14814,0.75,0.2,0.15,,0.83,0.19
14821,,1.0,0.14,0.3,1.0,
14829,0.14,,0.56,0.71,0.24,0.14
14916,,,,,1.0,0.21
14918,0.13,0.34,0.7,0.77,0.78,0.27
14938,0.81,0.73,,0.29,0.9,0.09
14945,,0.37,,0.34,0.85,0.66
14963,0.03,0.07,0.17,0.67,0.08,0.12
15006,1.0,1.0,0.07,0.64,0.0,
15020,0.93,0.94,,,0.99,0.27
15037,,,,0.75,,0.25
15038,,,,0.0,1.0,0.0
15039,,,,,0.42,0.43
15041,0.31,,,,0.67,0.115
15055,0.1,0.8,0.8,0.25,0.0,0.7
15056,0.0,1.0,1.0,0.2,1.0,
15058,,,,,0.93,0.08
15059,,,0.41,0.69,0.85,
15109,0.7,,,,0.94,0.34
15111,0.13,0.17,0.87,0.85,0.9,0.2
15164,0.1,0.9,0.9,0.75,1.0,0.85
15174,0.8,0.8,0.0,0.25,1.0,0.0
15179,0.14,1.0,0.1,0.21,0.0,1.0
15324,0.0,1.0,1.0,0.8,1.0,0.0
15350,0.9299999999999999,0.8,0.9,0.71,0.895,0.47500000000000003
15356,1.0,0.0,0.1,0.7,0.8,
